{
  "NTProvider": {
    "types": {
      "/FMSInfo": "FMSInfo",
      "/SmartDashboard/Alerts": "Alerts",
      "/SmartDashboard/Auto Choices": "String Chooser",
      "/SmartDashboard/Field": "Field2d",
      "/SmartDashboard/VisionSystemSim-01/Sim Field": "Field2d",
      "/SmartDashboard/VisionSystemSim-Arducam_OV9281_USB_Camera_001/Sim Field": "Field2d",
      "/SmartDashboard/VisionSystemSim-Arducam_OV9281_USB_Camera_002/Sim Field": "Field2d",
      "/SmartDashboard/VisionSystemSim-main/Sim Field": "Field2d"
    },
    "windows": {
      "/SmartDashboard/Field": {
        "bottom": 1476,
        "height": 8.210550308227539,
        "left": 150,
        "right": 2961,
        "top": 79,
        "width": 16.541748046875,
        "window": {
          "visible": true
        }
      },
      "/SmartDashboard/VisionSystemSim-main/Sim Field": {
        "Robot": {
          "length": 0.8399999737739563,
          "width": 0.8399999737739563
        },
        "apriltag": {
          "arrows": false,
          "color": [
            0.2647058963775635,
            1.0,
            0.0,
            255.0
          ],
          "length": 0.10000000149011612,
          "width": 0.10000000149011612
        },
        "bottom": 1476,
        "cameras": {
          "arrowColor": [
            0.0,
            0.3843137323856354,
            1.0,
            255.0
          ],
          "color": [
            0.0,
            0.3823530673980713,
            1.0,
            255.0
          ],
          "length": 0.5,
          "weight": 0.0010000000474974513,
          "width": 0.5
        },
        "height": 8.210550308227539,
        "left": 150,
        "right": 2961,
        "top": 79,
        "visibleTargetPoses": {
          "arrows": false,
          "color": [
            0.9999995231628418,
            0.0,
            1.0,
            255.0
          ],
          "length": 0.10000000149011612,
          "weight": 10.0,
          "width": 0.10000000149011612
        },
        "width": 16.541748046875,
        "window": {
          "visible": true
        }
      }
    }
  },
  "NetworkTables Info": {
    "visible": true
  }
}
