{
  "NTProvider": {
    "types": {
      "/FMSInfo": "FMSInfo",
      "/SmartDashboard/Auto Choices": "String Chooser",
      "/SmartDashboard/Field": "Field2d",
      "/SmartDashboard/VisionSystemSim-01/Sim Field": "Field2d",
      "/SmartDashboard/VisionSystemSim-Arducam_OV9281_USB_Camera_001/Sim Field": "Field2d",
      "/SmartDashboard/VisionSystemSim-Arducam_OV9281_USB_Camera_002/Sim Field": "Field2d"
    },
    "windows": {
      "/SmartDashboard/Field": {
        "bottom": 1476,
        "height": 8.210550308227539,
        "left": 150,
        "right": 2961,
        "top": 79,
        "width": 16.541748046875,
        "window": {
          "visible": true
        }
      },
      "/SmartDashboard/VisionSystemSim-01/Sim Field": {
        "Robot": {
          "length": 0.8399999737739563,
          "style": "Box/Image",
          "width": 0.8399999737739563
        },
        "VisionEstimation": {
          "length": 0.8399999737739563,
          "style": "Box/Image",
          "width": 0.8399999737739563
        },
        "apriltag": {
          "arrows": false,
          "color": [
            0.2647058963775635,
            1.0,
            0.0,
            255.0
          ],
          "length": 0.10000000149011612,
          "selectable": false,
          "style": "Box/Image",
          "weight": 5.0,
          "width": 0.10000000149011612
        },
        "bottom": 1476,
        "cameras": {
          "arrows": false,
          "color": [
            0.0865052342414856,
            0.05882352590560913,
            1.0,
            255.0
          ],
          "length": 0.10000000149011612,
          "width": 0.10000000149011612
        },
        "height": 8.210550308227539,
        "left": 150,
        "right": 2961,
        "top": 79,
        "visibleTargetPoses": {
          "arrows": false,
          "color": [
            1.0,
            0.0,
            0.970588207244873,
            255.0
          ],
          "length": 0.10000000149011612,
          "style": "Box/Image",
          "weight": 20.0,
          "width": 0.10000000149011612
        },
        "width": 16.541748046875
      },
      "/SmartDashboard/VisionSystemSim-Arducam_OV9281_USB_Camera_001/Sim Field": {
        "Robot": {
          "length": 0.8399999737739563,
          "width": 0.8399999737739563
        },
        "VisionEstimation": {
          "length": 0.8399999737739563,
          "width": 0.8399999737739563
        },
        "apriltag": {
          "arrows": false,
          "color": [
            0.23529410362243652,
            1.0,
            0.0,
            255.0
          ],
          "length": 0.10000000149011612,
          "weight": 5.0,
          "width": 0.10000000149011612
        },
        "bottom": 1476,
        "cameras": {
          "arrowColor": [
            0.0,
            0.4411764144897461,
            1.0,
            255.0
          ],
          "arrowSize": 53,
          "arrowWeight": 10.0,
          "color": [
            0.014705896377563477,
            0.3914361000061035,
            1.0,
            255.0
          ],
          "length": 0.5,
          "weight": 0.0,
          "width": 0.5
        },
        "height": 8.210550308227539,
        "left": 150,
        "right": 2961,
        "top": 79,
        "visibleTargetPoses": {
          "arrows": false,
          "color": [
            255.0,
            0.0,
            195.00006103515625,
            255.0
          ],
          "length": 0.10000000149011612,
          "weight": 10.0,
          "width": 0.10000000149011612
        },
        "width": 16.541748046875,
        "window": {
          "visible": true
        }
      },
      "/SmartDashboard/VisionSystemSim-Arducam_OV9281_USB_Camera_002/Sim Field": {
        "Robot": {
          "length": 0.8399999737739563,
          "width": 0.8399999737739563
        },
        "VisionEstimation": {
          "length": 0.8399999737739563,
          "width": 0.8399999737739563
        },
        "apriltag": {
          "arrows": false,
          "color": [
            0.0,
            1.0,
            0.0,
            255.0
          ],
          "length": 0.10000000149011612,
          "width": 0.10000000149011612
        },
        "bottom": 1476,
        "cameras": {
          "arrowColor": [
            0.0,
            0.6176471710205078,
            1.0,
            255.0
          ],
          "arrowSize": 53,
          "arrowWeight": 10.0,
          "color": [
            0.0,
            0.47058820724487305,
            1.0,
            255.0
          ],
          "length": 0.5,
          "weight": 0.0,
          "width": 0.5
        },
        "height": 8.210550308227539,
        "left": 150,
        "right": 2961,
        "top": 79,
        "visibleTargetPoses": {
          "arrows": false,
          "color": [
            187.49993896484375,
            0.0,
            255.0,
            255.0
          ],
          "length": 0.10000000149011612,
          "weight": 10.0,
          "width": 0.10000000149011612
        },
        "width": 16.541748046875,
        "window": {
          "visible": true
        }
      }
    }
  },
  "NetworkTables Info": {
    "visible": true
  }
}
